Designator,Mid X,Mid Y,Rotation,Layer
A1,92.562883,-180.8,0.0,bottom
C74,35.65,-182.3,270.0,bottom
D10,49.375383,-186.45,0.0,bottom
D11,76.075383,-186.55,0.0,bottom
J25,62.725383,-186.5,0.0,top
R41,96.8,-180.4,270.0,bottom
R42,87.7,-180.35,270.0,bottom
U20,30.200383,-184.875,0.0,bottom
